{"cameraMode":{"drawMode":0,"name":"Shaded","section":"Shading Mode"},"sceneLighting":true,"audioPlay":false,"sceneViewState":{"showFog":true,"showMaterialUpdate":false,"showSkybox":true,"showFlares":true,"showImageEffects":true,"showParticleSystems":true},"in2DMode":false,"pivot":{"x":-1.891471028327942,"y":3.979189395904541,"z":-13.503166198730469},"rotation":{"x":-0.04726971685886383,"y":-0.9526086449623108,"z":0.2045419067144394,"w":-0.2201477587223053},"size":17.99505043029785,"orthographic":false}