{"cameraMode":{"drawMode":0,"name":"Shaded","section":"Shading Mode"},"sceneLighting":false,"audioPlay":false,"sceneViewState":{"showFog":true,"showMaterialUpdate":false,"showSkybox":true,"showFlares":true,"showImageEffects":true,"showParticleSystems":true},"in2DMode":false,"pivot":{"x":0.0015000104904174805,"y":0.41210001707077029,"z":0.0},"rotation":{"x":0.37346771359443667,"y":0.23798763751983643,"z":-0.09975037723779679,"w":0.8910301923751831},"size":6.732909679412842,"orthographic":false}