{"cameraMode":{"drawMode":0,"name":"Shaded","section":"Shading Mode"},"sceneLighting":false,"audioPlay":false,"sceneViewState":{"showFog":true,"showMaterialUpdate":false,"showSkybox":true,"showFlares":true,"showImageEffects":true,"showParticleSystems":true},"in2DMode":false,"pivot":{"x":0.0,"y":-0.12354999780654907,"z":0.05714999884366989},"rotation":{"x":0.040982283651828769,"y":0.9395971894264221,"z":-0.12130986154079437,"w":0.31742945313453677},"size":0.9682884812355042,"orthographic":false}