{"cameraMode":{"drawMode":0,"name":"Shaded","section":"Shading Mode"},"sceneLighting":false,"audioPlay":false,"sceneViewState":{"showFog":true,"showMaterialUpdate":false,"showSkybox":true,"showFlares":true,"showImageEffects":true,"showParticleSystems":true},"in2DMode":false,"pivot":{"x":3.4024429321289064,"y":2.5637364387512209,"z":-20.10198974609375},"rotation":{"x":0.22260348498821259,"y":0.18871204555034638,"z":-0.0439666323363781,"w":0.9554592370986939},"size":6.116884231567383,"orthographic":false}