{"cameraMode":{"drawMode":0,"name":"Shaded","section":"Shading Mode"},"sceneLighting":false,"audioPlay":false,"sceneViewState":{"showFog":true,"showMaterialUpdate":false,"showSkybox":true,"showFlares":true,"showImageEffects":true,"showParticleSystems":true},"in2DMode":false,"pivot":{"x":0.0,"y":0.38155001401901247,"z":0.2522999942302704},"rotation":{"x":0.22260348498821259,"y":0.18871204555034638,"z":-0.0439666323363781,"w":0.9554592370986939},"size":4.017867088317871,"orthographic":false}